cpf	nome	sexo	idade	renda	estado	email
755077935	WELINTOM	masculino	30	14915	RS	welintom3@hotmail.com
338048902	CLEIDIOMAR	masculino	28	18322	SP	cleidiomar5@hotmail.com
007471498	AMANDIO	masculino	43	10177	TO	amandio8@hotmail.com
777780623	DECIVALDO	masculino	38	35864	RJ	decivaldo5@hotmail.com
574079717	GERALD	masculino	46	35234	MG	gerald5@hotmail.com
040703137	LINCOLN	masculino	53	34094	MG	lincoln8@hotmail.com
122276725	ADEIR	masculino	22	29959	RJ	adeir1@hotmail.com
132466721	WANESSA	feminino	19	22098	PR	wanessa0@hotmail.com
753246858	MICAEL	feminino	48	33742	SP	micael2@hotmail.com
693664690	VERGINIO	masculino	32	27622	RJ	verginio7@hotmail.com
313018047	CELEIDA	feminino	58	10782	TO	celeida7@hotmail.com
310702509	REGES	masculino	36	22170	MG	reges9@hotmail.com
237664014	ALECIO	masculino	55	24960	MG	alecio3@hotmail.com
878427639	ALDEMARIO	masculino	33	13484	RJ	aldemario4@hotmail.com
680382468	GERMANO	masculino	32	27067	TO	germano6@hotmail.com
856480824	TEMISTOCLES	masculino	36	18107	MG	temistocles2@hotmail.com
953989648	JENEFE	feminino	26	14362	MG	jenefe6@hotmail.com
549496525	ALLANE	feminino	34	24514	RJ	allane6@hotmail.com
020132727	GLADIS	feminino	59	38014	SP	gladis4@hotmail.com
082344968	OLIMPIA	feminino	51	19744	SP	olimpia5@hotmail.com
326498781	BALBINO	masculino	43	13828	TO	balbino7@hotmail.com
724784604	EPIFANIA	feminino	33	30823	SP	epifania3@hotmail.com
704685439	NEURA	feminino	27	25155	RJ	neura6@hotmail.com
144056529	KLAUS	masculino	33	11005	SP	klaus4@hotmail.com
299274127	DEIDIANE	feminino	23	32540	PR	deidiane7@hotmail.com
540987651	RONALDY	masculino	49	29736	MG	ronaldy6@hotmail.com
675214302	ALAIR	masculino	58	28916	MS	alair7@hotmail.com
801862170	DENILZA	feminino	49	33075	MS	denilza6@hotmail.com
852250519	JUCILENI	feminino	27	20173	RJ	jucileni0@hotmail.com
944042348	GEICE	feminino	26	25237	RJ	geice5@hotmail.com
430815193	ERONITA	feminino	40	27269	RJ	eronita5@hotmail.com
341517972	MILIAN	feminino	40	15192	SP	milian5@hotmail.com
977946315	LUCELINO	masculino	57	15508	MS	lucelino7@hotmail.com
348529721	CHERON	feminino	39	16239	SP	cheron4@hotmail.com
358300655	HEBERTON	masculino	29	19995	RJ	heberton7@hotmail.com
686809896	MATUS	masculino	52	31415	SP	matus5@hotmail.com
969685417	IRISNALDO	masculino	27	19403	RS	irisnaldo9@hotmail.com
241628473	AIR	masculino	30	16368	PR	air3@hotmail.com
547507596	CASSIANE	feminino	36	29545	TO	cassiane3@hotmail.com
637992749	CELIS	feminino	51	19318	SP	celis5@hotmail.com
531127715	NELCIANE	feminino	39	36056	TO	nelciane3@hotmail.com
816510790	MILENA	feminino	29	20753	TO	milena2@hotmail.com
117125848	FRANCIANE	feminino	18	26071	RJ	franciane8@hotmail.com
002317113	ENES	feminino	34	35293	RJ	enes3@hotmail.com
466360818	JAQUELINE	masculino	39	39055	SP	jaqueline1@hotmail.com
813379374	GIOMAR	masculino	20	38052	SP	giomar8@hotmail.com
140101953	CLEDIMAR	masculino	27	26958	SP	cledimar8@hotmail.com
457018909	FRANCILENI	feminino	34	29066	SP	francileni4@hotmail.com
701529277	SIVANIA	feminino	56	20640	MS	sivania2@hotmail.com
430343961	TICIANO	masculino	25	38113	MS	ticiano7@hotmail.com
260631096	LADIMIR	masculino	48	15238	TO	ladimir8@hotmail.com
035550003	ARILSON	masculino	46	36263	RJ	arilson3@hotmail.com
983012458	DALETE	feminino	36	10704	RJ	dalete4@hotmail.com
295979077	LAVINA	feminino	39	25438	MS	lavina2@hotmail.com
235262903	RUTE	feminino	38	38373	RS	rute5@hotmail.com
524337713	JULIAN	masculino	26	30969	RJ	julian3@hotmail.com
654427382	ALAIRTON	masculino	22	37930	RJ	alairton7@hotmail.com
458110262	AGUSTINO	masculino	26	35663	MG	agustino9@hotmail.com
790705771	DALIRIO	masculino	51	29893	RJ	dalirio7@hotmail.com
467421635	ENE	feminino	30	27207	MG	ene5@hotmail.com
704249960	CLAY	masculino	55	25727	MG	clay4@hotmail.com
934128346	CLOTIUDE	feminino	23	12784	RJ	clotiude5@hotmail.com
365309793	KAIO	masculino	19	38986	SP	kaio5@hotmail.com
219742196	WALYSON	masculino	32	10324	SP	walyson6@hotmail.com
744632081	AURELIA	feminino	33	36475	PR	aurelia0@hotmail.com
368473236	NAILMA	feminino	49	34933	MG	nailma2@hotmail.com
476469328	CONRRADO	masculino	56	32196	PR	conrrado1@hotmail.com
391767350	NADIA	feminino	33	13302	RS	nadia4@hotmail.com
925665564	DILBERTO	masculino	44	27770	SP	dilberto4@hotmail.com
436910234	NTONIO	masculino	32	20935	RJ	ntonio5@hotmail.com
191349067	RAIMUDA	feminino	42	24014	RJ	raimuda4@hotmail.com
855387121	JACI	feminino	21	24211	RJ	jaci0@hotmail.com
763141734	QUINTINO	masculino	20	24139	TO	quintino3@hotmail.com
235053593	ANJO	masculino	47	37542	MG	anjo0@hotmail.com
584413494	CLEMILSON	masculino	38	21930	SP	clemilson0@hotmail.com
580071838	COSMI	masculino	24	25734	MG	cosmi9@hotmail.com
168560928	FRANCIVANIA	feminino	31	15101	MG	francivania8@hotmail.com
314297810	EUFLOSINA	feminino	38	20367	SP	euflosina3@hotmail.com
155929926	IVANI	feminino	50	37880	RJ	ivani6@hotmail.com
660578123	KUAN	masculino	48	15429	MS	kuan9@hotmail.com
199802941	RAILE	feminino	30	31137	SP	raile8@hotmail.com
245148935	IRNA	feminino	42	23793	SP	irna4@hotmail.com
782377303	IBISON	masculino	19	10237	MS	ibison8@hotmail.com
391082881	IZAEL	masculino	52	11867	SP	izael8@hotmail.com
725233597	ILCE	feminino	19	18705	MG	ilce0@hotmail.com
631237395	MARINHA	feminino	30	34169	SP	marinha6@hotmail.com
634068942	NILTOM	masculino	47	14534	RJ	niltom9@hotmail.com
159735526	IDEANE	feminino	55	32524	MS	ideane2@hotmail.com
771226042	KASSIANA	feminino	55	20903	RS	kassiana6@hotmail.com
407819347	GELSI	feminino	37	39944	RS	gelsi5@hotmail.com
558754132	SOLANO	masculino	35	38699	SP	solano4@hotmail.com
258537757	EVERLIN	feminino	43	20105	MG	everlin7@hotmail.com
517181285	JHONES	masculino	53	31262	RJ	jhones4@hotmail.com
128185195	IRANILDA	feminino	44	25728	SP	iranilda9@hotmail.com
207160816	LUCENE	feminino	57	19858	RJ	lucene2@hotmail.com
111895953	JESO	masculino	39	31592	RJ	jeso6@hotmail.com
264051557	VALDEMILSON	masculino	20	36294	SP	valdemilson9@hotmail.com
658517568	IZAQUI	masculino	47	12889	MS	izaqui0@hotmail.com
248780465	NATIVIDADE	feminino	29	22846	SP	natividade8@hotmail.com
112781298	CRISIANE	feminino	35	13709	TO	crisiane3@hotmail.com
512337030	GILDESIO	masculino	42	13042	MG	gildesio9@hotmail.com
978238763	GILSIANE	feminino	27	25917	MS	gilsiane8@hotmail.com
800140803	ALUAN	masculino	24	37176	RJ	aluan7@hotmail.com
145058180	LUCILO	masculino	50	25694	RJ	lucilo3@hotmail.com
916675744	BERTOLDO	masculino	40	38982	SP	bertoldo3@hotmail.com
580747682	KLISMAN	masculino	38	10724	RJ	klisman9@hotmail.com
852014379	QUESIA	feminino	52	14867	RJ	quesia0@hotmail.com
451384956	ELISON	masculino	40	21497	MG	elison3@hotmail.com
870502297	ELIZABTH	feminino	29	14085	RJ	elizabth3@hotmail.com
368878018	JONATHAS	masculino	43	26406	RJ	jonathas7@hotmail.com
456791733	JADESON	masculino	29	25740	TO	jadeson9@hotmail.com
369954033	GECI	feminino	47	29653	SP	geci1@hotmail.com
118056811	GIVAGO	masculino	22	23399	SP	givago1@hotmail.com
912635290	DUCILEIDE	feminino	30	21122	TO	ducileide5@hotmail.com
583600924	MORILO	masculino	33	22044	RJ	morilo9@hotmail.com
543374178	GABLIEL	masculino	59	28194	SP	gabliel7@hotmail.com
799517875	JOARES	masculino	32	30698	SP	joares4@hotmail.com
240896583	ADALICE	feminino	24	34099	SP	adalice6@hotmail.com
388117826	CORACI	feminino	58	15378	RS	coraci1@hotmail.com
059238164	MAIKI	masculino	32	27270	PR	maiki7@hotmail.com
326207860	JOHNATHAN	masculino	25	28840	RJ	johnathan7@hotmail.com
919680996	KAYKE	masculino	48	29635	RS	kayke0@hotmail.com
340506396	GILIARDO	masculino	28	23573	MG	giliardo1@hotmail.com
982771487	EDSANDRO	masculino	19	28598	SP	edsandro7@hotmail.com
889073439	JORGEVALDO	masculino	25	32911	RJ	jorgevaldo3@hotmail.com
840210592	LUIZIA	feminino	53	28752	MG	luizia3@hotmail.com
292362408	CRISTIAN	masculino	50	27198	RJ	cristian3@hotmail.com
293939711	ISONEIDE	feminino	25	10904	SP	isoneide5@hotmail.com
389098182	OLINTO	masculino	39	28856	RJ	olinto4@hotmail.com
563935123	VALDIVO	masculino	23	39723	SP	valdivo0@hotmail.com
698162346	MAURIVAN	masculino	47	26954	TO	maurivan3@hotmail.com
383051104	TALLES	masculino	51	18575	MS	talles0@hotmail.com
778314338	RENEI	masculino	35	11488	MG	renei0@hotmail.com
672912917	THALLYS	masculino	54	26747	SP	thallys4@hotmail.com
513737954	ALESSANDRO	feminino	25	27389	SP	alessandro6@hotmail.com
922234390	GLACY	feminino	20	25810	MG	glacy4@hotmail.com
538148858	JACIRA	feminino	54	31621	MG	jacira2@hotmail.com
700980889	JONHATA	masculino	60	13128	SP	jonhata4@hotmail.com
174684709	MAILON	masculino	19	12301	RS	mailon9@hotmail.com
572080157	KEMELI	feminino	39	22460	SP	kemeli6@hotmail.com
341952029	BOLIVAR	masculino	33	21252	PR	bolivar4@hotmail.com
558762451	BENETITO	masculino	27	15060	TO	benetito3@hotmail.com
377415490	ALVERINA	feminino	25	25337	RS	alverina1@hotmail.com
264498302	SINEIA	feminino	41	33781	TO	sineia7@hotmail.com
759198539	GILVANDA	feminino	41	23546	SP	gilvanda1@hotmail.com
472298229	ERISMAR	feminino	29	14694	PR	erismar8@hotmail.com
354668062	EMYLE	feminino	29	38780	RS	emyle6@hotmail.com
397983039	EDGARD	masculino	23	39838	SP	edgard1@hotmail.com
070246032	MATHAUS	masculino	34	24231	RJ	mathaus3@hotmail.com
239485597	ERNESTINO	masculino	41	28661	MS	ernestino8@hotmail.com
237090498	GENIL	masculino	47	33857	SP	genil3@hotmail.com
079468578	ARIOMAR	masculino	56	33016	SP	ariomar4@hotmail.com
721700668	TAMELA	feminino	59	20388	MG	tamela0@hotmail.com
589663115	NAZIR	masculino	54	16712	PR	nazir5@hotmail.com
994616905	ALTO	masculino	42	26045	SP	alto1@hotmail.com
633224674	OLINA	feminino	24	14755	PR	olina1@hotmail.com
351465372	ANDRIELLI	feminino	56	39978	MS	andrielli7@hotmail.com
117958664	LAUDINA	feminino	42	29353	MS	laudina2@hotmail.com
068159565	IZIDIA	feminino	31	38522	MG	izidia0@hotmail.com
693682129	SILSON	masculino	21	33582	MG	silson4@hotmail.com
706380020	GLAUBERT	masculino	25	30354	RS	glaubert4@hotmail.com
882575416	ELIZANELA	feminino	23	23455	TO	elizanela7@hotmail.com
704224114	MARCINEI	masculino	50	24654	SP	marcinei3@hotmail.com
041358977	CHAYANE	feminino	59	17741	MG	chayane6@hotmail.com
667194767	NELMO	masculino	58	22332	SP	nelmo6@hotmail.com
145484666	JOICIANE	feminino	46	30671	SP	joiciane2@hotmail.com
658293829	ELIEDER	masculino	35	26576	MS	elieder4@hotmail.com
913898556	DJALMIR	masculino	24	13634	SP	djalmir3@hotmail.com
205564440	HEBER	masculino	31	34741	MG	heber1@hotmail.com
354439306	AKILA	feminino	37	30177	SP	akila6@hotmail.com
832065117	ROSENIRA	feminino	36	34333	PR	rosenira2@hotmail.com
977999491	RODINELE	masculino	56	24041	SP	rodinele1@hotmail.com
388671909	NILZA	feminino	39	19448	SP	nilza2@hotmail.com
971973379	DEUSDEDIT	masculino	40	11871	PR	deusdedit6@hotmail.com
128915134	ALA	masculino	34	27574	SP	ala4@hotmail.com
182958574	ROJERIO	masculino	59	32940	SP	rojerio2@hotmail.com
315825673	ATILAS	masculino	37	22103	TO	atilas9@hotmail.com
056772694	CONSUELO	feminino	49	16333	PR	consuelo7@hotmail.com
272067232	JARILSON	masculino	21	35010	MG	jarilson3@hotmail.com
468327595	MAIRA	feminino	24	11750	TO	maira2@hotmail.com
192778157	CILIANE	feminino	28	24387	SP	ciliane7@hotmail.com
766245458	JESSER	masculino	49	19157	TO	jesser5@hotmail.com
856873453	ELIONE	feminino	52	11221	RJ	elione0@hotmail.com
614897248	NATALIO	masculino	43	31625	MG	natalio1@hotmail.com
161755466	ALDERINO	masculino	33	26548	SP	alderino8@hotmail.com
110484584	SIBILA	feminino	43	10968	MG	sibila2@hotmail.com
918979649	RINARA	feminino	52	19234	RS	rinara4@hotmail.com
403041522	CELMIRA	feminino	44	39400	SP	celmira7@hotmail.com
641357255	NATHALHA	feminino	28	15195	MG	nathalha8@hotmail.com
885341167	GLEBSON	masculino	39	20410	RJ	glebson3@hotmail.com
928314006	ALVIMAR	masculino	27	14852	RJ	alvimar5@hotmail.com
440537147	MAIELI	feminino	57	20286	SP	maieli2@hotmail.com
250295512	IZADORA	feminino	45	19943	SP	izadora9@hotmail.com
659322446	LANE	feminino	59	30550	TO	lane6@hotmail.com
489555481	CLODOVIL	masculino	54	11992	RJ	clodovil6@hotmail.com
360371028	JUPIRA	feminino	36	22240	RS	jupira6@hotmail.com
081391617	DENILSO	masculino	28	14610	RJ	denilso9@hotmail.com
118481133	ANTONE	masculino	58	24530	MS	antone8@hotmail.com
190697811	FRANCIELLY	feminino	37	18215	RJ	francielly2@hotmail.com
902170856	NILSO	masculino	31	29334	RJ	nilso5@hotmail.com
836353536	MAURCIO	masculino	24	28031	MG	maurcio8@hotmail.com
926786046	ERANDI	masculino	52	12621	RJ	erandi8@hotmail.com
135694438	CLEBESON	masculino	22	18970	RJ	clebeson9@hotmail.com
160336024	CLADIR	masculino	29	17754	SP	cladir6@hotmail.com
503745167	ROMUALDA	feminino	59	37628	SP	romualda5@hotmail.com
235854495	IACY	feminino	36	10382	MG	iacy3@hotmail.com
423066692	KAWE	masculino	18	18180	SP	kawe0@hotmail.com
168773441	JANDERSOM	masculino	38	20991	RS	jandersom2@hotmail.com
615579947	JESUITA	feminino	58	29843	RJ	jesuita8@hotmail.com
776033566	RENALY	feminino	56	22330	SP	renaly2@hotmail.com
077880725	ALAISON	masculino	51	38745	TO	alaison6@hotmail.com
362387439	WALYSSON	masculino	40	14964	RJ	walysson9@hotmail.com
137847973	TANARA	feminino	25	32659	SP	tanara8@hotmail.com
450675859	ARIANA	feminino	59	20626	MS	ariana9@hotmail.com
673819356	MAXUEL	masculino	45	25758	MG	maxuel1@hotmail.com
291805402	GILEARDE	masculino	46	25084	PR	gilearde8@hotmail.com
548562065	VIRGINEA	feminino	28	33972	SP	virginea7@hotmail.com
916212429	APARECIDA	masculino	30	13815	PR	aparecida8@hotmail.com
525217345	ERMANO	masculino	24	18325	SP	ermano0@hotmail.com
540666410	NEIRIANE	feminino	33	21716	SP	neiriane0@hotmail.com
526564919	ODENICE	feminino	52	25775	SP	odenice7@hotmail.com
170893450	BERNADETI	feminino	22	39659	MG	bernadeti5@hotmail.com
421403008	JANDIRO	masculino	55	18498	SP	jandiro9@hotmail.com
825881144	ITALINA	feminino	45	39143	MG	italina6@hotmail.com
265397487	KENZO	masculino	59	24394	RJ	kenzo5@hotmail.com
450981743	HIROSHI	masculino	28	20177	PR	hiroshi4@hotmail.com
660429307	ALDIANE	feminino	20	11147	RJ	aldiane7@hotmail.com
945582358	LINDON	masculino	51	19158	SP	lindon3@hotmail.com
594621927	MAXEL	masculino	26	39955	RJ	maxel1@hotmail.com
968691695	HILSON	masculino	60	31737	SP	hilson7@hotmail.com
307689021	GUIOMAR	masculino	42	22246	SP	guiomar4@hotmail.com
793059892	EDUAEDO	masculino	43	35245	MG	eduaedo8@hotmail.com
843245536	ODAILSON	masculino	23	34727	MS	odailson0@hotmail.com
467097445	THIERRI	masculino	50	13862	MS	thierri8@hotmail.com
411276070	GEROSINA	feminino	31	35438	SP	gerosina2@hotmail.com
512340819	WALBER	masculino	28	34702	MG	walber4@hotmail.com
178025312	ERILSON	masculino	25	28134	MS	erilson3@hotmail.com
084591240	GESUALDO	masculino	46	27129	RJ	gesualdo8@hotmail.com
993256129	JHONY	masculino	38	27785	SP	jhony6@hotmail.com
788995942	SIVIA	feminino	34	15704	MG	sivia9@hotmail.com
905954255	JAENE	feminino	35	15852	TO	jaene8@hotmail.com
584974403	CACILDA	feminino	40	33920	SP	cacilda2@hotmail.com
227247683	AUDO	masculino	31	10016	RJ	audo6@hotmail.com
278691411	ELIONARDO	masculino	32	11741	MG	elionardo4@hotmail.com
165431730	EDVANDA	feminino	32	17915	RS	edvanda7@hotmail.com
333922572	ODINETE	feminino	28	25275	RS	odinete2@hotmail.com
649104271	VALDEMI	masculino	18	36329	TO	valdemi4@hotmail.com
374625120	ENIEL	masculino	39	34106	SP	eniel1@hotmail.com
378523306	IRAILSON	masculino	45	21057	RJ	irailson2@hotmail.com
690684801	LUCINDO	masculino	18	18150	RJ	lucindo4@hotmail.com
719387437	CINESIO	masculino	34	20786	SP	cinesio7@hotmail.com
767585643	MARIANE	feminino	39	39054	RJ	mariane3@hotmail.com
602625546	ALCIONE	feminino	46	29881	RJ	alcione4@hotmail.com
726911270	ELENALDO	masculino	31	15979	SP	elenaldo3@hotmail.com
710697146	RAIANDERSON	masculino	38	22587	RJ	raianderson1@hotmail.com
084205824	LAURINO	masculino	24	32554	SP	laurino8@hotmail.com
266328205	NATLIA	feminino	53	23409	TO	natlia3@hotmail.com
344956635	ELBIO	masculino	23	33646	MG	elbio0@hotmail.com
302421610	AGEL	masculino	32	19368	RJ	agel8@hotmail.com
071507869	ADERLANE	feminino	24	14416	RJ	aderlane2@hotmail.com
068303890	HAROLD	masculino	57	12063	RJ	harold5@hotmail.com
976470539	ALDILENE	feminino	30	17192	RS	aldilene0@hotmail.com
765272534	EDIANO	masculino	39	10770	SP	ediano8@hotmail.com
522015084	AANTONIO	masculino	28	37972	MG	aantonio7@hotmail.com
798466063	CAUDIA	feminino	26	26618	TO	caudia3@hotmail.com
118181648	MAGDIEL	masculino	45	21690	SP	magdiel1@hotmail.com
436177601	ADENIR	masculino	60	20254	SP	adenir8@hotmail.com
823555140	EDERVAL	masculino	60	39557	SP	ederval7@hotmail.com
094254831	IRASEMA	feminino	39	16702	RJ	irasema3@hotmail.com
105422610	ALAM	masculino	18	10555	SP	alam8@hotmail.com
584749695	JORDANE	masculino	49	29825	SP	jordane2@hotmail.com
002066378	LEON	masculino	55	15862	RS	leon5@hotmail.com
919386983	MOZANIEL	masculino	55	16634	RJ	mozaniel4@hotmail.com
170305305	HENRIQUE	feminino	29	26964	PR	henrique5@hotmail.com
945450495	ENGRACIA	feminino	52	20367	RJ	engracia5@hotmail.com
613076580	EURIDES	feminino	60	34487	RS	eurides3@hotmail.com
198895053	VALDEVI	masculino	20	38947	TO	valdevi6@hotmail.com
607785250	VALTENCI	masculino	43	36385	MG	valtenci7@hotmail.com
212445160	TARSISIO	masculino	47	29205	SP	tarsisio1@hotmail.com
426038057	DALMA	feminino	25	33820	MS	dalma8@hotmail.com
724614643	LEILTON	masculino	39	12986	SP	leilton3@hotmail.com
773767672	JOSEMI	masculino	32	31845	MG	josemi3@hotmail.com
667968646	JONILSON	masculino	42	19377	MS	jonilson6@hotmail.com
848360528	GERSINO	masculino	38	14354	SP	gersino5@hotmail.com
213138070	CARMINA	feminino	39	10267	SP	carmina8@hotmail.com
597010721	ELENISE	feminino	45	16365	RJ	elenise6@hotmail.com
075870109	ELZA	masculino	60	14905	RJ	elza3@hotmail.com
532597419	THAYLA	feminino	40	30280	RJ	thayla4@hotmail.com
754668034	ODETTE	feminino	48	39580	SP	odette7@hotmail.com
419656809	JUSTO	masculino	25	36066	MS	justo5@hotmail.com
327703657	JONH	masculino	20	12897	SP	jonh3@hotmail.com
622870009	SIBELLE	feminino	58	36486	MG	sibelle0@hotmail.com
209907996	LAUNE	feminino	43	14833	SP	laune3@hotmail.com
437513898	FELISBINA	feminino	39	37025	RS	felisbina8@hotmail.com
244395333	NELIO	masculino	58	33049	TO	nelio2@hotmail.com
671298564	DHONATAN	masculino	54	25563	MG	dhonatan0@hotmail.com
214161499	ELOILSON	masculino	22	15140	SP	eloilson2@hotmail.com
593069064	EUFRASIO	masculino	59	33150	MS	eufrasio3@hotmail.com
335284790	INOCENCIO	masculino	37	12921	RJ	inocencio1@hotmail.com
657816937	NAARA	feminino	33	29766	MG	naara7@hotmail.com
347992888	LAELIA	feminino	18	10734	RJ	laelia9@hotmail.com
594504938	HELBERT	masculino	26	26239	SP	helbert9@hotmail.com
518136925	RALPH	masculino	44	10946	SP	ralph5@hotmail.com
976981026	ORNELIA	feminino	50	24933	RJ	ornelia0@hotmail.com
788850918	ANELIZA	feminino	35	37255	MG	aneliza1@hotmail.com
224928538	KENEDI	masculino	53	35150	SP	kenedi4@hotmail.com
020562311	SILMARIA	feminino	32	37871	SP	silmaria9@hotmail.com
109534478	VERALDINA	feminino	44	37342	SP	veraldina9@hotmail.com
513444815	DENNYS	masculino	19	25021	SP	dennys1@hotmail.com
953642626	JOILSA	feminino	26	29000	MS	joilsa4@hotmail.com
816897561	EVELIZE	feminino	39	21130	RJ	evelize5@hotmail.com
806603030	ADEVAIR	masculino	36	17679	RJ	adevair3@hotmail.com
978074261	RENILSA	feminino	45	26905	SP	renilsa7@hotmail.com
507376259	DIVANEIDE	feminino	50	18300	SP	divaneide8@hotmail.com
867940024	OLIPIO	masculino	29	39384	SP	olipio9@hotmail.com
372644802	CELCO	masculino	29	11940	PR	celco0@hotmail.com
520501447	CAMILLE	feminino	54	21253	SP	camille1@hotmail.com
995762581	LEONIDIA	feminino	43	21822	TO	leonidia7@hotmail.com
332964190	PERCILIO	masculino	44	19823	RS	percilio2@hotmail.com
139494544	ADELIR	masculino	52	23919	MS	adelir5@hotmail.com
547181532	ERENALDO	masculino	50	13249	SP	erenaldo5@hotmail.com
069200773	NECIR	feminino	46	36793	SP	necir7@hotmail.com
046842039	WENER	masculino	47	27571	RS	wener9@hotmail.com
264538365	JOSYANE	feminino	56	17998	TO	josyane8@hotmail.com
003721628	ERISVAN	masculino	24	17929	MS	erisvan2@hotmail.com
259191314	EDNILSOM	masculino	37	29213	MG	ednilsom1@hotmail.com
779490220	DAVD	masculino	39	28482	SP	davd7@hotmail.com
631374934	JOCILDA	feminino	45	13764	MG	jocilda2@hotmail.com
757772890	NAZARO	masculino	52	34625	SP	nazaro1@hotmail.com
518642922	GENILSO	masculino	46	19661	RJ	genilso4@hotmail.com
362052501	JOVANIO	masculino	40	23261	SP	jovanio8@hotmail.com
888216231	ERLITA	feminino	39	27670	MG	erlita0@hotmail.com
637562720	TIFFANY	feminino	33	29198	TO	tiffany9@hotmail.com
328737020	WALICE	masculino	36	35414	RJ	walice5@hotmail.com
594963489	CAYKE	masculino	38	23194	SP	cayke8@hotmail.com
396309301	LINEI	feminino	45	26427	RJ	linei6@hotmail.com
138286490	EDDA	feminino	20	30830	MS	edda8@hotmail.com
636722277	JHENNYFER	feminino	43	23531	RS	jhennyfer9@hotmail.com
074462169	CLICIANE	feminino	43	38521	MG	cliciane3@hotmail.com
946202982	HUGO	masculino	30	36799	RJ	hugo2@hotmail.com
378604035	TALMA	feminino	53	15592	MS	talma3@hotmail.com
074644851	WESLE	masculino	43	34072	SP	wesle3@hotmail.com
138840546	ELIVANDRO	masculino	44	14990	RS	elivandro2@hotmail.com
806585906	AILSA	feminino	49	17449	RJ	ailsa5@hotmail.com
638129986	CIARA	feminino	44	12921	SP	ciara2@hotmail.com
655497369	NORBETO	masculino	23	37944	PR	norbeto0@hotmail.com
355486386	ERIVANDO	masculino	42	30043	MS	erivando2@hotmail.com
299005274	LADIR	masculino	53	38660	SP	ladir9@hotmail.com
518099846	PIERE	masculino	24	16680	SP	piere7@hotmail.com
159615448	EDNALVO	masculino	37	34781	SP	ednalvo3@hotmail.com
251670693	RAYNNE	feminino	59	18702	RS	raynne9@hotmail.com
371232534	VALDEREZA	feminino	44	11061	RJ	valdereza5@hotmail.com
967280529	LUAS	masculino	41	13441	MG	luas8@hotmail.com
168453130	LAURICIO	masculino	45	19457	RS	lauricio7@hotmail.com
928021019	OSMILDA	feminino	48	23401	TO	osmilda9@hotmail.com
825105713	CARLAS	feminino	31	36024	SP	carlas3@hotmail.com
777513610	IVE	feminino	55	38553	RJ	ive7@hotmail.com
342544054	WELINSON	masculino	23	33594	MS	welinson3@hotmail.com
547532883	OLDAIR	masculino	32	31782	SP	oldair6@hotmail.com
849222772	WALTEIR	masculino	45	30722	PR	walteir8@hotmail.com
939107466	AGNAILTON	masculino	51	34919	SP	agnailton0@hotmail.com
372682080	CRISTINO	masculino	60	36255	RJ	cristino3@hotmail.com
179426370	ODALEIA	feminino	53	13818	SP	odaleia1@hotmail.com
336246236	JANAEL	masculino	38	27554	TO	janael0@hotmail.com
127115364	RODRIGO	masculino	42	17460	RJ	rodrigo7@hotmail.com
019537168	CASILDO	masculino	32	27984	SP	casildo7@hotmail.com
234594470	REIS	masculino	31	25916	RJ	reis1@hotmail.com
702046440	BASILIO	masculino	31	19721	RJ	basilio3@hotmail.com
418081826	IVA	feminino	44	37603	RJ	iva8@hotmail.com
047804766	IVANILDO	masculino	38	39153	RJ	ivanildo6@hotmail.com
972226492	ANTONY	masculino	19	35429	SP	antony7@hotmail.com
220304955	GREICY	feminino	47	24605	PR	greicy1@hotmail.com
644052354	DORINHA	feminino	43	39685	SP	dorinha8@hotmail.com
352729658	GIULIANE	feminino	44	32951	MS	giuliane1@hotmail.com
213460336	KALYNE	feminino	53	31837	MG	kalyne4@hotmail.com
914889910	WELERSON	masculino	44	13134	RJ	welerson7@hotmail.com
063704987	AMELIA	feminino	31	22118	SP	amelia3@hotmail.com
223244330	POLIANI	feminino	56	13571	SP	poliani6@hotmail.com
211955869	JACINEIDE	feminino	33	30943	SP	jacineide7@hotmail.com
095783716	RANIER	masculino	38	16280	RJ	ranier8@hotmail.com
173310190	IGOR	masculino	20	29064	MG	igor6@hotmail.com
512591205	ALCEIR	masculino	47	38915	RJ	alceir3@hotmail.com
371669304	ERNAN	masculino	21	39170	MG	ernan9@hotmail.com
459112867	POLYANA	feminino	26	37463	MG	polyana3@hotmail.com
628252167	ISLA	masculino	18	15181	SP	isla9@hotmail.com
758935114	ZULEMA	feminino	49	33966	PR	zulema7@hotmail.com
370497921	DEIVES	masculino	26	13621	RJ	deives7@hotmail.com
074881021	DAVIDSON	masculino	54	24759	SP	davidson3@hotmail.com
054163080	ROSILINE	feminino	18	17378	MG	rosiline7@hotmail.com
406565042	WILITON	masculino	19	27859	RS	wiliton0@hotmail.com
564123146	WUILIAN	masculino	32	28752	RS	wuilian7@hotmail.com
449949776	ELISEO	masculino	45	21528	SP	eliseo9@hotmail.com
498001787	RILDO	masculino	47	29050	MG	rildo3@hotmail.com
054670608	LEONCIO	masculino	52	15146	MG	leoncio5@hotmail.com
131560985	EDILEUDA	feminino	42	22124	SP	edileuda0@hotmail.com
650770868	GABIELA	feminino	29	31380	RS	gabiela0@hotmail.com
367844669	GLAUCIO	masculino	30	15501	SP	glaucio6@hotmail.com
581197349	ROZANE	feminino	41	36247	RJ	rozane4@hotmail.com
915201891	CASSIMIRA	feminino	46	31697	RJ	cassimira6@hotmail.com
456463988	EDIVANILSON	masculino	29	24258	MG	edivanilson8@hotmail.com
053502511	BENEVENUTO	masculino	57	10054	SP	benevenuto9@hotmail.com
387305576	SELSON	masculino	39	24971	MS	selson8@hotmail.com
047928889	AISLANE	feminino	57	31520	SP	aislane2@hotmail.com
511283819	KIVIA	feminino	58	18633	SP	kivia8@hotmail.com
510344439	CELY	feminino	58	23740	MG	cely1@hotmail.com
353590839	ADIMILSOM	masculino	41	30938	RS	adimilsom8@hotmail.com
807619455	LIBIO	masculino	28	16092	MG	libio4@hotmail.com
355726644	NOELMA	feminino	34	22429	RJ	noelma8@hotmail.com
127271137	ADENISIA	feminino	41	18524	SP	adenisia4@hotmail.com
511349835	GENALVA	feminino	59	37530	RS	genalva9@hotmail.com
237869601	DEA	feminino	46	27713	PR	dea7@hotmail.com
707924518	SANTILHA	feminino	19	34782	RJ	santilha5@hotmail.com
178959876	SUZANI	feminino	37	29900	SP	suzani9@hotmail.com
457065407	TARSO	masculino	44	16048	SP	tarso5@hotmail.com
452845690	MIGUELINA	feminino	20	17728	RJ	miguelina5@hotmail.com
089559304	ROBEILTON	masculino	55	28766	SP	robeilton1@hotmail.com
651922266	SIEGFRIED	masculino	50	13416	TO	siegfried0@hotmail.com
893644632	SONILDO	masculino	56	29692	RS	sonildo1@hotmail.com
073938920	CLEU	masculino	60	23451	RJ	cleu5@hotmail.com
693023755	EVRTON	masculino	28	24179	MS	evrton5@hotmail.com
882871423	VALTENCIR	masculino	30	21844	RJ	valtencir0@hotmail.com
342747096	CLEONICI	feminino	36	25754	RJ	cleonici4@hotmail.com
769515662	DARIANA	feminino	43	30130	PR	dariana5@hotmail.com
673749025	EVAGELISTA	masculino	32	13702	RJ	evagelista1@hotmail.com
851831580	ARGENTINO	masculino	39	21555	TO	argentino9@hotmail.com
429476467	JENEFFER	feminino	53	13164	RJ	jeneffer8@hotmail.com
652050641	ILARIO	masculino	45	22025	RS	ilario5@hotmail.com
926074914	SOLIANE	feminino	56	30741	TO	soliane7@hotmail.com
126865717	LIBERACI	feminino	53	31004	MG	liberaci5@hotmail.com
580463777	KENNYA	feminino	55	22557	TO	kennya5@hotmail.com
671988584	ANTOIO	masculino	58	31231	RJ	antoio5@hotmail.com
841987340	TALISSON	masculino	56	31780	SP	talisson1@hotmail.com
471228322	AGLAE	feminino	60	18744	MS	aglae4@hotmail.com
005486517	HASSAN	masculino	57	10554	SP	hassan8@hotmail.com
162434241	EGMAR	masculino	19	18492	MG	egmar1@hotmail.com
761119201	VANTUIU	masculino	52	14444	PR	vantuiu2@hotmail.com
687047986	KEROLY	feminino	25	23787	SP	keroly5@hotmail.com
469185768	INGLID	feminino	27	20338	MG	inglid8@hotmail.com
401619197	GRACA	feminino	36	39961	SP	graca8@hotmail.com
798551780	ILAINE	feminino	46	35292	MG	ilaine8@hotmail.com
092217407	CALEBI	masculino	55	39404	SP	calebi7@hotmail.com
890873973	EDNETE	feminino	57	21329	MS	ednete8@hotmail.com
175828601	MARCINA	feminino	27	39842	SP	marcina8@hotmail.com
686711479	PATICIA	feminino	39	26906	MS	paticia9@hotmail.com
231335689	DOROTEA	feminino	59	34861	MS	dorotea0@hotmail.com
893180779	JOELSON	masculino	60	29631	RJ	joelson5@hotmail.com
853768950	DHIEGO	masculino	50	32290	RJ	dhiego2@hotmail.com
959279775	MONIK	feminino	54	36803	SP	monik8@hotmail.com
771723029	NICILENE	feminino	21	35930	SP	nicilene0@hotmail.com
081994812	DINHO	masculino	24	20544	MS	dinho5@hotmail.com
264999401	ROGES	masculino	20	17567	RJ	roges0@hotmail.com
491688792	SALUSTRIANO	masculino	21	11952	TO	salustriano4@hotmail.com
458776255	PETER	masculino	28	21068	PR	peter8@hotmail.com
902446808	KARINNE	feminino	39	26593	SP	karinne8@hotmail.com
041878692	LORIMAR	masculino	33	20703	MS	lorimar9@hotmail.com
207549363	BENILDE	feminino	25	12388	TO	benilde0@hotmail.com
002738124	HELISON	masculino	27	17849	RS	helison6@hotmail.com
225759020	DERMIVALDO	masculino	29	30155	SP	dermivaldo3@hotmail.com
200277225	FLORENICE	feminino	31	25139	PR	florenice3@hotmail.com
351163404	ANILTON	masculino	47	30824	TO	anilton2@hotmail.com
866045473	WANDERLI	masculino	51	30251	SP	wanderli1@hotmail.com
228322108	MARISIA	feminino	48	12739	MG	marisia0@hotmail.com
178770517	JOSETI	feminino	41	15801	TO	joseti5@hotmail.com
419140865	GIUMAR	masculino	49	25313	MG	giumar1@hotmail.com
521516334	DANYELLE	feminino	52	24940	PR	danyelle8@hotmail.com
143984536	DIJAVAN	masculino	50	27684	RJ	dijavan7@hotmail.com
798175931	KIYOKO	feminino	33	29147	SP	kiyoko2@hotmail.com
033216710	ALVINA	feminino	54	30653	RS	alvina7@hotmail.com
428711870	VALDIVA	feminino	39	29220	MS	valdiva5@hotmail.com
237090226	MAURISA	feminino	25	18261	TO	maurisa3@hotmail.com
641173949	ANEILSON	masculino	31	33026	PR	aneilson7@hotmail.com
592857059	VAGUENER	masculino	56	38811	MG	vaguener3@hotmail.com
576673658	JONATH	masculino	40	14928	SP	jonath5@hotmail.com
071008995	HENRRIQUE	masculino	36	19035	SP	henrrique8@hotmail.com
303478741	SIDOMAR	masculino	49	14245	RS	sidomar3@hotmail.com
728050864	CONSOLACAO	feminino	20	31119	SP	consolacao8@hotmail.com
444722665	SUELENA	feminino	52	20202	RS	suelena6@hotmail.com
889786962	WELES	masculino	45	15316	RJ	weles8@hotmail.com
746276000	RAPHAEL	masculino	58	36591	RS	raphael5@hotmail.com
639986226	HARUMI	feminino	18	25881	PR	harumi5@hotmail.com
860424985	ANDRIELE	feminino	33	33872	PR	andriele1@hotmail.com
830783739	EDIRLEI	masculino	51	38446	RJ	edirlei0@hotmail.com
567213985	MORGANA	feminino	46	20285	MS	morgana4@hotmail.com
235804811	EVELLIN	feminino	45	33925	MG	evellin8@hotmail.com
844042847	RAMILI	feminino	48	30554	MS	ramili7@hotmail.com
530558445	NAJLA	feminino	40	14528	RS	najla2@hotmail.com
819956145	DEISEANE	feminino	50	27651	PR	deiseane6@hotmail.com
974786521	REGIELE	feminino	43	20349	RJ	regiele5@hotmail.com
086175094	SENIRA	feminino	39	38011	SP	senira7@hotmail.com
682032464	HIURI	masculino	55	37054	RJ	hiuri2@hotmail.com
380080148	XENIA	feminino	60	24909	SP	xenia6@hotmail.com
499650175	ANILDO	masculino	30	26842	MG	anildo1@hotmail.com
981803471	ADILCE	feminino	32	29815	SP	adilce0@hotmail.com
675592702	GERLANDIA	feminino	58	14349	TO	gerlandia8@hotmail.com
568541166	ZILTO	masculino	47	18557	SP	zilto0@hotmail.com
480986288	EVANIL	feminino	46	38725	PR	evanil2@hotmail.com
528463807	VICTOR	masculino	41	34531	SP	victor8@hotmail.com
801910338	GEOVANDO	masculino	58	33251	RJ	geovando0@hotmail.com
859600787	DIDI	masculino	38	27146	PR	didi5@hotmail.com
537925909	GELCIMAR	masculino	37	28971	SP	gelcimar4@hotmail.com
517622268	REGILANE	feminino	45	17571	MG	regilane2@hotmail.com
904189751	RANIERY	masculino	24	24567	MS	raniery0@hotmail.com
573236597	SANTA	feminino	18	34770	PR	santa6@hotmail.com
400293650	WILLIAME	masculino	19	20529	MS	williame0@hotmail.com
887810798	ADRANA	feminino	38	16545	SP	adrana8@hotmail.com
874169882	DELZIRA	feminino	35	14358	PR	delzira8@hotmail.com
501615204	MACERLO	masculino	43	25873	RJ	macerlo4@hotmail.com
610081287	MIQUEIS	masculino	25	21034	PR	miqueis7@hotmail.com
560854641	CECI	feminino	21	35515	TO	ceci7@hotmail.com
909574703	MARINEIDE	feminino	38	34679	MG	marineide6@hotmail.com
194612861	LAURITA	feminino	25	17566	RJ	laurita7@hotmail.com
384213533	SIVANILDO	masculino	38	32638	SP	sivanildo6@hotmail.com
473164007	ALEXYA	feminino	29	16457	SP	alexya9@hotmail.com
240398183	GEOMAR	masculino	48	39258	MG	geomar0@hotmail.com
830111641	RODRIG	masculino	26	25082	RJ	rodrig6@hotmail.com
803237034	LAYANA	feminino	51	39967	MS	layana5@hotmail.com
748209207	JOSICLEIDE	feminino	57	28128	SP	josicleide6@hotmail.com
379024055	ALESSIA	feminino	26	11632	MG	alessia3@hotmail.com
062148087	MORONI	masculino	26	14606	RS	moroni9@hotmail.com
227292531	MOARA	feminino	48	10133	PR	moara3@hotmail.com
096527405	OSNY	masculino	36	36710	RJ	osny0@hotmail.com
184453912	SIVIRINO	masculino	50	39071	PR	sivirino2@hotmail.com
927614938	NATIEL	masculino	35	26871	RJ	natiel1@hotmail.com
262856945	KATIENE	feminino	42	34512	MS	katiene1@hotmail.com
566428903	LAYARA	feminino	58	11785	MS	layara0@hotmail.com
414765037	JANDUI	masculino	51	26149	MS	jandui3@hotmail.com
598635143	FRANCIELI	feminino	49	37995	RJ	francieli3@hotmail.com
331653142	ASSUCENA	feminino	27	12210	MG	assucena1@hotmail.com
565091563	BEATRIS	feminino	27	39311	PR	beatris2@hotmail.com
328798960	RAIUMUNDO	masculino	21	27353	RJ	raiumundo1@hotmail.com
260846826	LECIANE	feminino	58	36290	TO	leciane4@hotmail.com
185711655	CRISPIM	masculino	39	11653	MG	crispim5@hotmail.com
879114600	RIGERIO	masculino	34	22934	SP	rigerio4@hotmail.com
927096403	ADENILSA	feminino	23	12393	TO	adenilsa9@hotmail.com
761258650	RENI	masculino	28	16652	RS	reni6@hotmail.com
469867737	LOSANGELA	feminino	32	28846	SP	losangela9@hotmail.com
955164877	ELVIS	masculino	35	19692	MG	elvis1@hotmail.com
949709565	MARINEA	feminino	44	28088	PR	marinea1@hotmail.com
342224222	RODOLPHO	masculino	41	33899	SP	rodolpho6@hotmail.com
538305395	IZAQUIEL	masculino	38	32191	MG	izaquiel5@hotmail.com
199104301	ERINELDA	feminino	43	33674	SP	erinelda6@hotmail.com
615347868	LAURILENE	feminino	19	20689	SP	laurilene5@hotmail.com
996668029	ADEMIL	masculino	22	34746	PR	ademil8@hotmail.com
024502776	CRSTIANO	masculino	28	20293	SP	crstiano3@hotmail.com
348288097	DELFINO	masculino	25	16989	MG	delfino2@hotmail.com
954085213	ALDENIZA	feminino	22	20559	RJ	aldeniza3@hotmail.com
398622833	JUVENILSON	masculino	23	17281	MG	juvenilson6@hotmail.com
293102232	LAIENE	feminino	36	25762	SP	laiene9@hotmail.com
217159066	JANSER	masculino	40	31787	MG	janser8@hotmail.com
425493481	FABRICIANO	masculino	58	24075	RJ	fabriciano1@hotmail.com
563879471	NORMAN	masculino	33	33596	RJ	norman0@hotmail.com
454109539	OTMAR	masculino	54	14623	RJ	otmar0@hotmail.com
874995628	EUDSON	masculino	22	26348	TO	eudson2@hotmail.com
199405058	JORGE	masculino	22	14805	RJ	jorge6@hotmail.com
426871150	ROMISON	masculino	60	29106	SP	romison6@hotmail.com
130265206	CLAUDIMAR	feminino	31	30765	SP	claudimar1@hotmail.com
175661072	EVADRO	masculino	39	14836	MG	evadro7@hotmail.com
735651043	CLAYTON	masculino	56	19647	RJ	clayton2@hotmail.com
943030384	JOSEANDRO	masculino	55	18572	TO	joseandro4@hotmail.com
288621101	DAVYD	masculino	38	32504	PR	davyd7@hotmail.com
644725140	MANACEIS	masculino	34	10294	MG	manaceis2@hotmail.com
189362399	NEIDE	masculino	52	36160	SP	neide3@hotmail.com
537207285	JACYARA	feminino	20	19821	SP	jacyara2@hotmail.com
094842377	DELVINA	feminino	49	21586	MS	delvina1@hotmail.com
126214652	ATONIA	feminino	20	29308	RJ	atonia4@hotmail.com
167043435	ZILMAR	masculino	30	20315	RJ	zilmar3@hotmail.com
192319728	JANIELY	feminino	24	15648	MG	janiely2@hotmail.com
953914904	ERCY	feminino	37	10933	SP	ercy2@hotmail.com
426470187	NEURIANE	feminino	34	11065	RJ	neuriane5@hotmail.com
086436962	JIRLENE	feminino	60	11706	TO	jirlene2@hotmail.com
843495980	JOVAN	masculino	51	20348	RJ	jovan4@hotmail.com
573999593	NATALLI	feminino	19	29684	MG	natalli2@hotmail.com
352278618	NICKOLAS	masculino	34	28948	SP	nickolas3@hotmail.com
591581609	CLAUDINOR	masculino	25	17095	SP	claudinor0@hotmail.com
497529635	JULICE	feminino	52	20778	PR	julice7@hotmail.com
348543316	ALANDER	masculino	39	37589	RJ	alander0@hotmail.com
177210864	FRANCIMARIO	masculino	33	14680	SP	francimario8@hotmail.com
870122195	WILLYS	masculino	46	39899	SP	willys0@hotmail.com
452718599	JEKSON	masculino	43	18919	MG	jekson0@hotmail.com
698300848	JENY	feminino	22	32396	SP	jeny6@hotmail.com
211826293	MAURICI	masculino	52	13865	MG	maurici8@hotmail.com
534479905	IVAI	masculino	57	31954	SP	ivai4@hotmail.com
539464180	NAGILA	feminino	29	23971	RJ	nagila7@hotmail.com
622061196	UEDER	masculino	21	11454	RJ	ueder4@hotmail.com
286848702	ELIVELTOM	masculino	29	12028	SP	eliveltom9@hotmail.com
709802432	ADELMO	masculino	47	30579	SP	adelmo3@hotmail.com
331928492	SCARLETT	feminino	22	36544	SP	scarlett7@hotmail.com
809326865	MAXIMINIANO	masculino	28	35459	PR	maximiniano9@hotmail.com
324497531	EDNILDA	feminino	33	25949	RJ	ednilda9@hotmail.com
823098139	SAMANTA	feminino	42	15515	RS	samanta9@hotmail.com
393210172	JORLENE	feminino	31	32986	RS	jorlene0@hotmail.com
834338845	CHARLEY	masculino	50	21326	SP	charley3@hotmail.com
775830542	VANDERLAM	masculino	36	27852	TO	vanderlam1@hotmail.com
915360464	KAYRA	feminino	55	14583	SP	kayra3@hotmail.com
128211428	PERTESON	masculino	19	33491	MG	perteson7@hotmail.com
456848590	VERALDINO	masculino	49	10262	TO	veraldino8@hotmail.com
426067644	ITALO	masculino	37	21159	RS	italo3@hotmail.com
855017070	WILSOM	masculino	45	32038	MG	wilsom3@hotmail.com
295936291	STHEFANI	feminino	54	35000	RS	sthefani7@hotmail.com
813404722	MARCIS	masculino	25	15290	SP	marcis0@hotmail.com
970892456	THIELE	feminino	19	36309	MS	thiele6@hotmail.com
652758584	RAILANDER	masculino	42	16992	SP	railander9@hotmail.com
352769712	JUCIANE	feminino	57	14263	RJ	juciane0@hotmail.com
206145984	ITAMAR	feminino	27	20167	MS	itamar5@hotmail.com
726035986	EDICLEIA	feminino	20	22589	RS	edicleia0@hotmail.com
397718421	DEJAILSON	masculino	30	20312	RJ	dejailson7@hotmail.com
903791638	LOURENCO	masculino	19	39425	SP	lourenco8@hotmail.com
034879512	EUNICI	feminino	25	22404	TO	eunici2@hotmail.com
190442729	WARLISON	masculino	21	26029	SP	warlison5@hotmail.com
054161125	CAMYLLE	feminino	42	36811	MS	camylle2@hotmail.com
003947638	KACIANE	feminino	38	33507	TO	kaciane4@hotmail.com
576579656	TANCREDO	masculino	22	10689	RJ	tancredo4@hotmail.com
386831880	EVER	masculino	42	15969	RJ	ever0@hotmail.com
109123843	GUIHERME	masculino	60	17588	SP	guiherme6@hotmail.com
388249629	ISALRA	feminino	30	28386	SP	isalra7@hotmail.com
317703130	DIOCLESIO	masculino	53	16285	RS	dioclesio2@hotmail.com
995998609	VANILDES	feminino	25	30025	MG	vanildes6@hotmail.com
059310922	LEDILSON	masculino	50	18653	SP	ledilson4@hotmail.com
476769574	RODIMAR	masculino	27	32950	PR	rodimar2@hotmail.com
867182542	WALDEMAR	masculino	19	30160	MG	waldemar0@hotmail.com
405964521	DIONATAM	masculino	42	27911	RS	dionatam0@hotmail.com
686809896	MATUS	masculino	52	31415	SP	matus5@hotmail.com
969685417	IRISNALDO	masculino	27	19403	RS	irisnaldo9@hotmail.com
241628473	AIR	masculino	30	16368	PR	air3@hotmail.com
547507596	CASSIANE	feminino	36	29545	TO	cassiane3@hotmail.com
637992749	CELIS	feminino	51	19318	SP	celis5@hotmail.com
531127715	NELCIANE	feminino	39	36056	TO	nelciane3@hotmail.com
816510790	MILENA	feminino	29	20753	TO	milena2@hotmail.com
117125848	FRANCIANE	feminino	18	26071	RJ	franciane8@hotmail.com
002317113	ENES	feminino	34	35293	RJ	enes3@hotmail.com
466360818	JAQUELINE	masculino	39	39055	SP	jaqueline1@hotmail.com
813379374	GIOMAR	masculino	20	38052	SP	giomar8@hotmail.com
140101953	CLEDIMAR	masculino	27	26958	SP	cledimar8@hotmail.com
457018909	FRANCILENI	feminino	34	29066	SP	francileni4@hotmail.com
701529277	SIVANIA	feminino	56	20640	MS	sivania2@hotmail.com
430343961	TICIANO	masculino	25	38113	MS	ticiano7@hotmail.com
260631096	LADIMIR	masculino	48	15238	TO	ladimir8@hotmail.com
035550003	ARILSON	masculino	46	36263	RJ	arilson3@hotmail.com
983012458	DALETE	feminino	36	10704	RJ	dalete4@hotmail.com
295979077	LAVINA	feminino	39	25438	MS	lavina2@hotmail.com
235262903	RUTE	feminino	38	38373	RS	rute5@hotmail.com
524337713	JULIAN	masculino	26	30969	RJ	julian3@hotmail.com
654427382	ALAIRTON	masculino	22	37930	RJ	alairton7@hotmail.com
458110262	AGUSTINO	masculino	26	35663	MG	agustino9@hotmail.com
790705771	DALIRIO	masculino	51	29893	RJ	dalirio7@hotmail.com
467421635	ENE	feminino	30	27207	MG	ene5@hotmail.com
704249960	CLAY	masculino	55	25727	MG	clay4@hotmail.com
934128346	CLOTIUDE	feminino	23	12784	RJ	clotiude5@hotmail.com
365309793	KAIO	masculino	19	38986	SP	kaio5@hotmail.com
219742196	WALYSON	masculino	32	10324	SP	walyson6@hotmail.com
744632081	AURELIA	feminino	33	36475	PR	aurelia0@hotmail.com
368473236	NAILMA	feminino	49	34933	MG	nailma2@hotmail.com
476469328	CONRRADO	masculino	56	32196	PR	conrrado1@hotmail.com
391767350	NADIA	feminino	33	13302	RS	nadia4@hotmail.com
925665564	DILBERTO	masculino	44	27770	SP	dilberto4@hotmail.com
436910234	NTONIO	masculino	32	20935	RJ	ntonio5@hotmail.com
191349067	RAIMUDA	feminino	42	24014	RJ	raimuda4@hotmail.com
855387121	JACI	feminino	21	24211	RJ	jaci0@hotmail.com
763141734	QUINTINO	masculino	20	24139	TO	quintino3@hotmail.com
235053593	ANJO	masculino	47	37542	MG	anjo0@hotmail.com
584413494	CLEMILSON	masculino	38	21930	SP	clemilson0@hotmail.com
